Name,Registration Number
"Alexander John Doe","REG-2026-001"
"Dr. Bartholomew Alexander Montgomery-Wellington III","REG-2026-002"
"Charlotte Emma Watson","REG-2026-003"
"Daniel Christopher Miller","REG-2026-004"
"Eleanor Grace Vance","REG-2026-005"
"Fiona Margaret Gallagher","REG-2026-006"
"George Henry Harrison","REG-2026-007"
"Hannah Louise Abbott","REG-2026-008"
"Isaac Newton Pendelton","REG-2026-009"
"Julia Beatrice Roberts","REG-2026-010"
"Kevin Patrick Bacon","REG-2026-011"
"Laura Jane Addams","REG-2026-012"
"Michael Scott Vance","REG-2026-013"
"Nora Katherine Allen","REG-2026-014"
"Oliver Twist Sterling","REG-2026-015"
"Penelope Rose Cruz","REG-2026-016"
"Quentin Jerome Tarantino","REG-2026-017"
"Rachel Elizabeth Green","REG-2026-018"
"Samuel Jackson Curtis","REG-2026-019"
"Tristan James Vance","REG-2026-020"
"Una Victoria Stubbs","REG-2026-021"
"Victor Hugo Lesage","REG-2026-022"
"Willa Sibert Cather","REG-2026-023"
"Xavier Charles Xavier","REG-2026-024"
"Yasmine Marie Jackson","REG-2026-025"
"Zachary Taylor Swift","REG-2026-026"
"Amelia Mary Earhart","REG-2026-027"
"Benjamin Franklin Gates","REG-2026-028"
"Clara Harlowe Barton","REG-2026-029"
"David Livingstone Stanley","REG-2026-030"
"Emily Jane Bronte","REG-2026-031"
"Frederick Douglass Bailey","REG-2026-032"
"Grace Brewster Murray","REG-2026-033"
"Harriet Ross Tubman","REG-2026-034"
"Ignacy Jan Paderewski","REG-2026-035"
"Jane Addams Hull","REG-2026-036"
"Karl Heinrich Marx","REG-2026-037"
"Louis Pasteur Pasteur","REG-2026-038"
"Marie Skłodowska Curie","REG-2026-039"
"Nikola Tesla Tesla","REG-2026-040"
"Otto Eduard von Bismarck","REG-2026-041"
"Pierre Curie Curie","REG-2026-042"
"Queen Elizabeth Tudor","REG-2026-043"
"Rosa Louise Parks","REG-2026-044"
"Stephen William Hawking","REG-2026-045"
"Thomas Alva Edison","REG-2026-046"
"Ursula Kroeber Le Guin","REG-2026-047"
"Vincent Willem van Gogh","REG-2026-048"
"Wolfgang Amadeus Mozart","REG-2026-049"
"Zeus Alexander Apollo","REG-2026-050"
